AGHIONE - 20270,commune-aghione@wanadoo.fr
AITI - 20244,""
ALANDO - 20212,mairiealando@wanadoo.fr
ALBERTACCE - 20224,mairie.albertacce.corse@wanadoo.fr
ALERIA - 20270,commune.aleria@wanadoo.fr
ALGAJOLA - 20220,mairie-algajola@wanadoo.fr
ALTIANI - 20251,mairie.altiani@wanadoo.fr
ALZI - 20212,mairie.alzi@wanadoo.fr
AMPRIANI - 20272,mairie-ampriani@wanadoo.fr
ANTISANTI - 20270,mairie.antisanti@wanadoo.fr
AREGNO - 20220,mairie.aregno@wanadoo.fr
ASCO - 20276,mairie.asco@corcikadsl.com
AVAPESSA - 20225,mairie.avapessa@wanadoo.fr
BARBAGGIO - 20253,barbaggio@wanadoo.fr
BARRETTALI - 20228,secretariat.barrettali@wanadoo.fr
BASTIA - 20200,maire@ville-bastia.fr
BELGODERE - 20226,mairie.belgodere@wanadoo.fr
BIGORNO - 20252,""
BIGUGLIA - 20620,mairie.biguglia@wanadoo.fr
BISINCHI - 20235,mairie.bisinchi@wanadoo.fr
BORGO - 20290,mairie-borgo@wanadoo.fr
BRANDO - 20222,Mairie-de-brando@wanadoo.fr
BUSTANICO - 20212,mairie-de-bustanico@wanadoo.fr
CAGNANO - 20228,mairie.de.cagnano@orange.fr
CALACUCCIA - 20224,mairie.calacuccia@wanadoo.fr
CALENZANA - 20214,mairie-calenzana@wanadoo.fr
CALVI - 20260,infos@villedecalvi.fr
CAMBIA - 20244,mairie.cambia@orange.fr
CAMPANA - 20229,commune-de-campana@orange.fr
CAMPI - 20270,campi.mairie@wanadoo.fr
CAMPILE - 20290,mairie.campile@wanadoo.fr
CAMPITELLO - 20252,commune.campitello@orange.fr
CANALE-DI-VERDE - 20230,canalediverde@wanadoo.fr
CANARI - 20217,mairiecanari@wanadoo.fr
CANAVAGGIA - 20235,mairie.canavaggia@wanadoo.fr
CARCHETO-BRUSTICO - 20229,mairiecarcheto.brustico@wanadoo.fr
CARPINETO - 20229,""
CARTICASI - 20244,mairiecarticasi@orange.fr
CASABIANCA - 20237,mairie.casabianca@wanadoo.fr
CASALTA - 20215,mairie.casalta@wanadoo.fr
CASAMACCIOLI - 20224,mairie.casamaccioli@orange.fr
CASANOVA - 20250,commune-casanova-de-venaco@wanadoo.fr
CASEVECCHIE - 20270,""
CASTELLARE-DI-CASINCA - 20213,mairiecastellare@cegetel.net
CASTELLARE-DI-MERCURIO - 20212,mairiedecastellare-di-mercurio@wanadoo.fr
CASTELLO-DI-ROSTINO - 20235,mairie.castelludirustinu@wanadoo.fr
CASTIFAO - 20218,mairie-de-castifao@wanadoo.fr
CASTIGLIONE - 20218,mairie.castiglione@orange.fr
CASTINETA - 20218,""
CASTIRLA - 20236,communedecastirla@orange.fr
CATERI - 20225,mairiedecateri@wanadoo.fr
CENTURI - 20238,mairie-de-centuri@wanadoo.fr
CERVIONE - 20221,mairie@cervione.com
CHIATRA-DI-VERDE - 20230,chiatra.commune@wanadoo.fr
CHISA - 20240,mairie.chisa@wanadoo.fr
CORBARA - 20256,corbara3@wanadoo.fr
CORSCIA - 20224,mairie-corscia@orange.fr
CORTE - 20250,mairie@mairie-corte.fr
COSTA - 20226,mairie.costa@wanadoo.fr
CROCE - 20237,""
CROCICCHIA - 20290,mairiedecrocicchia@orange.fr
ERBAJOLO - 20212,mairie.erbajolo@orange.fr
ERONE - 20244,""
ERSA - 20275,mairieersa@wanadoo.fr
FARINOLE - 20253,mairie.de.farinole@wanadoo.fr
FAVALELLO - 20212,communedefavalello@orange.fr
FELCE - 20234,""
FELICETO - 20225,mairie.feliceto@sfr.fr
FICAJA - 20237,mairieficaja@wanadoo.fr
FOCICCHIA - 20212,mairie-focicchia@orange.fr
FURIANI - 20600,babeth.vecchioli@wanadoo.fr
GALERIA - 20245,galeria.mairie@wanadoo.fr
GAVIGNANO - 20218,mairie-gavignano@wanadoo.fr
GHISONACCIA - 20240,mairie.ghisonaccia@wanadoo.fr
GHISONI - 20227,mairie.ghisoni@wanadoo.fr
GIOCATOJO - 20237,mairie-giocatojo@wanadoo.fr
GIUNCAGGIO - 20251,mairie-de-guincaggio@wanadoo.fr
ISOLACCIO-DI-FIUMORBO - 20243,info@isolacciodifiumorbu.com
LAMA - 20218,mairie-de-lama@wanadoo.fr
LANO - 20244,""
LA-PORTA - 20237,mairielaporta@sfr.fr
LAVATOGGIO - 20225,mairie.lavatoggio@wanadoo.fr
LENTO - 20252,mairie.lento@orange.fr
L'ILE-ROUSSE - 20220,ile-rousse.mairie@wanadoo.fr
LINGUIZZETTA - 20230,mairie-linguizzetta@wanadoo.fr
LORETO-DI-CASINCA - 20215,mairieloreto@wanadoo.fr
LOZZI - 20224,cumuna-lozzi@orange.fr
LUCCIANA - 20290,mairie-de-lucciana@wanadoo.fr
LUGO-DI-NAZZA - 20240,lugodinazza2b@orange.fr
LUMIO - 20260,info@mairie-lumio.fr
LURI - 20228,mairiedeluri@wanadoo.fr
MANSO - 20245,mairie@manso.fr
MATRA - 20270,mairie.matra@wanadoo.fr
MAUSOLEO - 20259,""
MAZZOLA - 20212,mairie-de-mazzola.mairie-de-mazzola@wanadoo.fr
MERIA - 20287,mairie.meria@wanadoo.fr
MOITA - 20270,mairie.moita@wanadoo.fr
MOLTIFAO - 20218,mairie.moltifao@orange.fr
MONACIA-D'OREZZA - 20229,mairie.monacia.orezza@wanadoo.fr
MONCALE - 20214,moncale.mairie@wanadoo.fr
MONTE - 20290,monte.mairie@wanadoo.fr
MONTEGROSSO - 20214,mairie.de.montegrosso@wanadoo.fr
MONTICELLO - 20220,mairie-de-monticello@wanadoo.fr
MOROSAGLIA - 20218,mairie.morosaglia@wanadoo.fr
MORSIGLIA - 20238,yves.stella@wanadoo.fr
MURACCIOLE - 20219,commune-muracciole@wanadoo.fr
MURATO - 20239,mairiemurato@wanadoo.fr
MURO - 20225,casacumuna.20225.muro@wanadoo.fr
NESSA - 20225,mairiedenessa@orange.fr
NOCARIO - 20229,mairiedenocario@orange.fr
NOCETA - 20242,commune-noceta@wanadoo.fr
NONZA - 20217,nonza@wanadoo.fr
NOVALE - 20234,mairie.novale@mic.fr
NOVELLA - 20226,jean.padovani@wanadoo.fr
OCCHIATANA - 20226,occhiatana@wanadoo.fr
OGLIASTRO - 20217,mairieogliastru@wanadoo.fr
OLCANI - 20217,mairieolcani@orange.fr
OLETTA - 20232,oletta@wanadoo.fr
OLMETA-DI-CAPO-CORSO - 20217,olmeta.capocorso@wanadoo.fr
OLMETA-DI-TUDA - 20232,olmeta.dituda.mairie@wanadoo.fr
OLMI-CAPPELLA - 20259,mairie-olmi-cappella@wanadoo.fr
OLMO - 20290,mairieolmo@wanadoo.fr
OMESSA - 20236,mairie-omessa@orange.fr
ORTALE - 20234,mairie.ortale@wanadoo.fr
ORTIPORIO - 20290,mairiedortiporio@yahoo.fr
PALASCA - 20226,mairiedepalasca@orange.fr
PANCHERACCIA - 20251,mairie.pancheraccia@wanadoo.fr
PARATA - 20229,mairie.parata@wanadoo.fr
PATRIMONIO - 20253,secretariat.patrimonio@mic.fr
PENTA-ACQUATELLA - 20290,mairie.pentaacquatella@gmail.com
PENTA-DI-CASINCA - 20213,mairie.pentadicasinca@wanadoo.fr
PERELLI - 20234,""
PERO-CASEVECCHIE - 20230,perocasevecchie@wanadoo.fr
PIANELLO - 20272,pianello.mairie@wanadoo.fr
PIANO - 20215,mairie.piano@wanadoo.fr
PIAZZALI - 20234,communedepiazzali@orange.fr
PIAZZOLE - 20229,mairie.piazzole-orezza@wanadoo.fr
PIEDICORTE-DI-GAGGIO - 20251,mairie.piedicorte@orange.fr
PIEDICROCE - 20229,mairiepiedicroce@orange.fr
PIEDIGRIGGIO - 20218,mairie-piedigriggio@wanadoo.fr
PIEDIPARTINO - 20229,""
PIE-D'OREZZA - 20229,""
PIETRACORBARA - 20233,mairie.pietracorbara@wanadoo.fr
PIETRA-DI-VERDE - 20230,mairie.pietradiverde@wanadoo.fr
PIETRALBA - 20218,mairie-de-pietralba@wanadoo.fr
PIETRASERENA - 20251,pietraserena.mairie@wanadoo.fr
PIETRICAGGIO - 20234,mairie.pietricaggio@orange.fr
PIETROSO - 20242,""
PIEVE - 20246,mairie-de-pieve@orange.fr
PIGNA - 20220,mairiepigna@orange.fr
PINO - 20228,mairie.pino@orange.fr
PIOBETTA - 20234,mairiedepiobbeta@orange.fr
PIOGGIOLA - 20259,mairiepioggiola@orange.fr
POGGIO-DI-NAZZA - 20240,mairie.poggio-di-nazza@orange.fr
POGGIO-DI-VENACO - 20250,poggiodevenaco@aol.com
POGGIO-D'OLETTA - 20232,mairie.poggiodoletta@wanadoo.fr
POGGIO-MARINACCIO - 20237,mairie.poggio.marinaccio@wanadoo.fr
POGGIO-MEZZANA - 20230,mairiepoggiomezzan@wanadoo.fr
POLVEROSO - 20229,mairie-polveroso@orange.fr
POPOLASCA - 20218,mairie.popolasca@wanadoo.fr
PORRI - 20215,mairie.porri@wanadoo.fr
PRATO-DI-GIOVELLINA - 20218,mairieprato@orange.fr
PRUNELLI-DI-CASACCONI - 20290,mairie.prunelli-di-casacconi@orange.fr
PRUNELLI-DI-FIUMORBO - 20243,mairiedeprunellidifiumorbu@orange.fr
PRUNO - 20213,mairiedepruno@wanadoo.fr
QUERCITELLO - 20237,""
RAPAGGIO - 20229,""
RAPALE - 20246,mairiederapale@wanadoo.fr
RIVENTOSA - 20250,mairie.riventosa@wanadoo.fr
ROGLIANO - 20247,mairiederogliano@orange.fr
ROSPIGLIANI - 20242,commune.de.rospigliani@wanadoo.fr
RUSIO - 20244,mairie.rusio@orange.fr
RUTALI - 20239,mairie.rutali@wanadoo.fr
SAINT-FLORENT - 20217,mairie.saint-florent.corse [ à ] wanadoo.fr
SALICETO - 20218,rrinaldi311@aol.com
SAN-DAMIANO - 20213,""
SAN-GAVINO-D'AMPUGNANI - 20213,commune-san-gavino-dampugnani@orange.fr
SAN-GAVINO-DI-FIUMORBO - 20243,mairie.sangavinodifiumo@wanadoo.fr
SAN-GAVINO-DI-TENDA - 20246,sangavinoditenda@orange.fr
SAN-GIOVANNI-DI-MORIANI - 20230,sangiovanni@wanadoo.fr
SAN-GIULIANO - 20230,san-giulianomairie@wanadoo.fr
SAN-LORENZO - 20244,mairie.sanlorenzo@gmail.com
SAN-MARTINO-DI-LOTA - 20200,mairiesanmartinodl@wanadoo.fr
SAN-NICOLAO - 20230,sn2b@wanadoo.fr
SANTA-LUCIA-DI-MERCURIO - 20250,pauluparigi@aol.com
SANTA-LUCIA-DI-MORIANI - 20230,mairie-santa-lucia-di-moriani@wanadoo.fr
SANTA-MARIA-DI-LOTA - 20200,SANTAMARIADILOTA@wanadoo.fr
SANTA-MARIA-POGGIO - 20221,mairie.santamariapoghju@wanadoo.fr
SANT'ANDREA-DI-BOZIO - 20212,mairie.santandreadibozio@wanadoo.fr
SANT'ANDREA-DI-COTONE - 20221,mairie.santandreacotone@orange.fr
SANT'ANTONINO - 20220,mairiesantantonino@wanadoo.fr
SANTA-REPARATA-DI-BALAGNA - 20220,info@santareparata.fr
SANTA-REPARATA-DI-MORIANI - 20230,commune-santa-reparata-moriani@orange.fr
SANTO-PIETRO-DI-TENDA - 20246,mairie.santo-pietro-di-tenda@orange.fr
SANTO-PIETRO-DI-VENACO - 20250,santopietrodivenaco@hotmail.fr
SCATA - 20213,""
SCOLCA - 20290,mairiedescolca@yahoo.fr
SERMANO - 20212,mairiedesermano@orange.fr
SERRA-DI-FIUMORBO - 20243,mairieserra@wanadoo.fr
SILVARECCIO - 20215,silvareccio@wanadoo.fr
SISCO - 20233,mairie.sisco@wanadoo.fr
SOLARO - 20240,communedesolaro@orange.fr
SORBO-OCAGNANO - 20213,mairie.sorbo@mic.fr
SORIO - 20246,mairiedesorio@wanadoo.fr
SOVERIA - 20250,mairiesoveria@orange.fr
SPELONCATO - 20226,Jean-Francois.Poli@wanadoo.fr
STAZZONA - 20229,""
TAGLIO-ISOLACCIO - 20230,mairie.taglio.isolaccio@wanadoo.fr
TALASANI - 20230,mairietalasani@wanadoo.fr
TALLONE - 20270,""
TARRANO - 20234,""
TOMINO - 20248,mairie.tomino@wanadoo.fr
TOX - 20270,mairiedetox@wanadoo.fr
TRALONCA - 20250,mairie-de-tralonca@orange.fr
URTACA - 20218,mairie-urtaca@wanadoo.fr
VALLECALLE - 20273,commune-vallecalle@wanadoo.fr
VALLE-D'ALESANI - 20234,""
VALLE-DI-CAMPOLORO - 20221,commune.valle-di-campoloro@wanadoo.fr
VALLE-DI-ROSTINO - 20235,mairie-valledirostino@wanadoo.fr
VALLE-D'OREZZA - 20229,""
VALLICA - 20259,vallica.mairie@free.fr
VELONE-ORNETO - 20230,communedeveloneorneto@orange.fr
VENACO - 20231,mairie.venaco@orange.fr
VENTISERI - 20240,""
VENZOLASCA - 20215,mairie.venzolasca@wanadoo.fr
VERDESE - 20229,""
VESCOVATO - 20215,mairie-vescovato@wanadoo.fr
VEZZANI - 20242,vezzani2@wanadoo.fr
VIGNALE - 20290,vignale.mairie@wanadoo.fr
VILLE-DI-PARASO - 20279,mairie.ville.di.paraso@wanadoo.fr
VILLE-DI-PIETRABUGNO - 20200,info@pietrabugno.com
VIVARIO - 20219,mairie.vivario@wanadoo.fr
VOLPAJOLA - 20290,mairie.de.volpajola@orange.fr
ZALANA - 20272,mairiedezalana@wanadoo.fr
ZILIA - 20214,mairie.zilia380@orange.fr
ZUANI - 20272,""
AIX-EN-PROVENCE - 13100,communication@mairie-aixenprovence.fr
ALLAUCH - 13190,info@allauch.com
ALLEINS - 13980,mairie.alleins@wanadoo.fr
ARLES - 13200,lemaire@ville-arles.fr
AUBAGNE - 13400,contact@mairie-aubagne.com
AUREILLE - 13930,maire-mairie-aureille@wanadoo.fr
AURIOL - 13390,mairie-auriol@wanadoo.fr
AURONS - 13121,serrano.rm@wanadoo.fr
BARBENTANE - 13570,contact.mairie@barbentane.fr
BEAURECUEIL - 13100,beaurecueil-mairie@wanadoo.fr
BELCODENE - 13720,mairie@belcodene.fr
BERRE-L'ETANG - 13130,s.andreoni@berre-l-etang.fr
BOUC-BEL-AIR - 13320,com@boucbelair.com
BOULBON - 13150,mairiedeboulbon@wanadoo.fr
CABANNES - 13440,mairiedecabannes@wanadoo.fr
CABRIES - 13480,com.mairie@cabries.fr
CADOLIVE - 13950,mairie-cadolive@orange.fr
CARNOUX-EN-PROVENCE - 13470,m.beguelin@mairie-carnoux.fr
CARRY-LE-ROUET - 13620,mairie@mairie-carrylerouet.fr
CASSIS-EN-PROVENCE - 13260,admingen@cassis.fr
CEYRESTE - 13600,mairie.de.ceyreste@wanadoo.fr
CHARLEVAL - 13350,roselyne.fabulet@charleval.net
CHATEAUNEUF-LE-ROUGE - 13790,m.dubouchet@chateauneuflerouge.fr.
CHATEAUNEUF-LES-MARTIGUES - 13220,gilbert.bonillo@chateauneuf-les-martigues.fr
CHATEAURENARD - 13160,maire@chateaurenard.com
CORNILLON-CONFOUX - 13250,mairiecornilloncx@yahoo.fr
COUDOUX - 13111,com.coudoux@free.fr
CUGES-LES-PINS - 13780,mairie@cuges-les-pins.fr
EGUILLES - 13510,mairie.eguilles@wanadoo.fr
ENSUES-LA-REDONNE - 13820,""
EYGALIERES - 13810,info@mairieeygalieres.fr
EYGUIERES - 13430,maire@mairie-eyguieres.fr
EYRAGUES - 13630,eyragues.mairie@wanadoo.fr
FONTVIEILLE - 13990,mairie@fontvieille.fr
FOS-SUR-MER - 13270,courrier@mairie-fos-sur-mer.fr
FUVEAU - 13710,administration@fuveau.fr
GARDANNE - 13120,info@ville-gardanne.fr
GEMENOS - 13420,info@mairie-gemenos.fr
GIGNAC-LA-NERTHE - 13180,communication@mairie-gignaclanerthe.fr
GRANS - 13450,accueil.grans@orange.fr
GRAVESON - 13690,mairie-graveson@ville-graveson.fr
GREASQUE - 13850,mairie-greasque@ville-greasque.fr
ISTRES - 13800,dgs@istres.fr
JOUQUES - 13490,dgs.mairie-jouques@wanadoo.fr
LA-BARBEN - 13330,mairie.la-barben@wanadoo.fr
LA-BOUILLADISSE - 13720,mairilab@wanadoo.fr
LA-CIOTAT - 13600,communication@mairie-laciotat.fr
LA-DESTROUSSE - 13112,dgs@mairieladestrousse.com
LA-FARE-LES-OLIVIERS - 13580,mairie.lafare@wanadoo.fr
LAMANON - 13113,contact@mairie-lamanon.fr
LAMBESC - 13410,secretariat.lambesc@wanadoo.fr
LANCON-DE-PROVENCE - 13680,dgs@lancon-provence.fr
LA-PENNE-SUR-HUVEAUNE - 13821,communication@mairie-lapennesurhuveaune.fr
LA-ROQUE-D'ANTHERON - 13640,mairie@ville-laroquedantheron.fr
LE-PUY-SAINTE-REPARADE - 13610,contact@mairie-lepuysaintereparade.fr
LE-ROVE - 13740,cabinet-maire@mairie-le-rove.fr
LES-BAUX-DE-PROVENCE - 13520,accueil-mairie@lesbauxdeprovence.com
LES-PENNES-MIRABEAU - 13170,dgs@vlpm.com
LE-THOLONET - 13100,mairie.letholonet@wanadoo.fr
MAILLANE - 13910,mairiedemaillane@wanadoo.fr
MALLEMORT - 13370,mairie.mallemort@wanadoo.fr
MARIGNANE - 13700,contact@ville-marignane.fr
MARSEILLE - 13002,sgm-internet-direction@mairie-marseille.fr
MARSEILLE-SECTEUR-01 - 13001,""
MARSEILLE-SECTEUR-02 - 13002,""
MARSEILLE-SECTEUR-03 - 13003,""
MARSEILLE-SECTEUR-04 - 13004,""
MARSEILLE-SECTEUR-05 - 13005,""
MARSEILLE-SECTEUR-06 - 13006,dtian@mairie-marseille.fr
MARSEILLE-SECTEUR-07 - 13007,webmaster@mairiedupremiersecteur.fr
MARSEILLE-SECTEUR-08 - 13008,mairie-info15-16@mairie-marseille.fr
MARTIGUES - 13500,le-maire@ville-martigues.fr
MAS-BLANC-DES-ALPILLES - 13103,mairie.mba@wanadoo.fr
MAUSSANE-LES-ALPILLES - 13520,mairie-maussane-les-alpilles@wanadoo.fr
MEYRARGUES - 13650,meyrarguesinfosmairie@wanadoo.fr
MEYREUIL - 13590,info@ville-meyreuil.fr
MIMET - 13105,mimet.mairie@wanadoo.fr
MIRAMAS - 13140,le.maire@mairie-miramas.fr
MOLLEGES - 13940,mairie-molleges@wanadoo.fr
MOURIES - 13890,dgs@mairie-mouries.fr
NOVES - 13550,mairie.de.noves@wanadoo.fr
ORGON - 13660,mairie@orgon.fr
PARADOU - 13520,mairie.paradou@wanadoo.fr
PELISSANNE - 13330,mairie.pelissanne@wanadoo.fr
PEYNIER - 13790,peynier.infos@ville-peynier.fr
PEYPIN - 13124,mairie.peypin@orange.fr
PEYROLLES-EN-PROVENCE - 13860,contact@mairie-peyrollesenprovence.fr
PLAN-DE-CUQUES - 13380,mairie@plandecuques.fr
PLAN-D'ORGON - 13750,mairie.de.plan.d-orgon@wanadoo.fr
PORT-DE-BOUC - 13110,contact@portdebouc.fr
PORT-SAINT-LOUIS-DU-RHONE - 13230,cabinetdumaire@portsaintlouis.fr
PUYLOUBIER - 13114,mairie-de-puyloubier@wanadoo.fr
ROGNAC - 13340,communication@mairie-rognac.fr
ROGNES - 13840,info@ville-rognes.fr
ROGNONAS - 13870,rognonas.accueil@wanadoo.fr
ROQUEFORT-LA-BEDOULE - 13830,accueil@roquefort-labedoule.fr
ROQUEVAIRE - 13360,contact@ville-roquevaire.fr
ROUSSET - 13790,mairie@rousset-fr.com
SAINT-ANDIOL - 13670,mairie@st-andiol.fr
SAINT-ANTONIN-SUR-BAYON - 13100,mairiestantonin@wanadoo.fr
SAINT-CANNAT - 13760,webmestre@ville-saint-cannat.fr
SAINT-CHAMAS - 13250,contact@saint-chamas.com
SAINTES-MARIES-DE-LA-MER - 13460,info@saintesmaries.com
SAINT-ESTEVE-JANSON - 13610,saint-esteve-janson@wanadoo.fr
SAINT-ETIENNE-DU-GRES - 13103,""
SAINT-MARC-JAUMEGARDE - 13100,mairie@saint-marc-jaumegarde.fr
SAINT-MARTIN-DE-CRAU - 13310,mairie-smc@ville-saint-martin-de-crau.fr
SAINT-MITRE-LES-REMPARTS - 13920,smi@saintmitrelesremparts.fr
SAINT-PAUL-LES-DURANCE - 13115,mairie@stpaul.fr
SAINT-PIERRE-DE-MEZOARGUE - 13150,mairie.spm@wanadoo.fr
SAINT-REMY-DE-PROVENCE - 13210,contact@mairie-saintremydeprovence.fr
SAINT-SAVOURNIN - 13119,mairie.stsavournin@wanadoo.fr
SAINT-VICTORET - 13730,contact@ville-saint-victoret.fr
SALON-DE-PROVENCE - 13300,salon.etatcivil@salon-de-provence.org
SAUSSET-LES-PINS - 13960,mairie-slp@ville-sausset-les-pins.fr
SENAS - 13560,secretariat-maire@ville-de-senas.fr
SEPTEMES-LES-VALLONS - 13240,secretariat@ville-septemes.fr
SIMIANE-COLLONGUE - 13109,accueil.mairie@simiane-collongue.fr
TARASCON - 13150,courrier@mairie-tarascon13.fr
TRETS - 13530,accueil@ville-de-trets.fr
VAUVENARGUES - 13126,mairie-vauvenargues@wanadoo.fr
VELAUX - 13880,scecom@mairie-de-velaux.fr
VENELLES - 13770,communication@Venelles.fr
VENTABREN - 13122,moyensgeneraux@ventabren.fr
VERNEGUES - 13116,mairie.vernegues@wanadoo.fr
VERQUIERES - 13670,mairie-de-verquieres@wanadoo.fr
VITROLLES - 13127,communication@ville-vitrolles13.fr
ANDELNANS - 90400,mairie.andelnans@libertysurf.fr
ANGEOT - 90150,mairie.angeot@wanadoo.fr
ANJOUTEY - 90170,mairie.danjoutey@wanadoo.fr
ARGIESANS - 90800,mairie-argiesans@wanadoo.fr
AUTRECHENE - 90140,mairie.autrechene@wanadoo.fr
AUXELLES-BAS - 90200,commune.auxelles.bas@wanadoo.fr
AUXELLES-HAUT - 90200,mairie.auxelleshaut@wanadoo.fr
BANVILLARS - 90800,mairie.banvillars@wanadoo.fr
BAVILLIERS - 90800,mairie@bavilliers.fr
BEAUCOURT - 90500,contact@ville-beaucourt.fr
BELFORT - 90000,courrier@mairie-belfort.fr
BERMONT - 90400,mairie.bermont@wanadoo.fr
BESSONCOURT - 90160,bessoncourt.mairie@wanadoo.fr
BETHONVILLIERS - 90150,mairie.bethonvilliers@wanadoo.fr
BORON - 90100,mairie.boron@wanadoo.fr
BOTANS - 90400,mairie.debotans@wanadoo.fr
BOURG-SOUS-CHATELET - 90110,mairiedebourg@wanadoo.fr
BOUROGNE - 90140,mairie.bourogne@wanadoo.fr
BREBOTTE - 90140,mairie.brebotte90@wanadoo.fr
BRETAGNE - 90130,mairie-bretagne@wanadoo.fr
BUC - 90800,mairie-buc90@wanadoo.fr
CHARMOIS - 90140,mairie.charmois@wanadoo.fr
CHATENOIS-LES-FORGES - 90700,chatenois.mairie@wanadoo.fr
CHAUX - 90330,mairie.chaux90@wanadoo.fr
CHAVANATTE - 90100,mairie.chavanatte@laposte.net
CHAVANNES-LES-GRANDS - 90100,mairie-chavanneslesgrands@wanadoo.fr 
CHEVREMONT - 90340,commune-chevremont@wanadoo.fr
COURCELLES - 90100,courcellesmairie@orange.fr
COURTELEVANT - 90100,mairie-courtelevant@wanadoo.fr
CRAVANCHE - 90300,contact@cravanche.fr
CROIX - 90100,mairie.croix90@wanadoo.fr
CUNELIERES - 90150,mairie-cunelieres@orange.fr
DANJOUTIN - 90400,secretariat@mairiedanjoutin.fr
DELLE - 90100,mairie@delle.fr
DENNEY - 90160,mairie@denney.fr
DORANS - 90400,mairie.dorans@wanadoo.fr
EGUENIGUE - 90150,mairie.eguenigue@wanadoo.fr
ELOIE - 90300,eloie.mairie@wanadoo.fr
ESSERT - 90850,mairie@essert-france.eu
ETUEFFONT - 90170,etueffont.mairie@wanadoo.fr
EVETTE-SALBERT - 90350,mairie@evettesalbert.fr
FAVEROIS - 90100,mairie.faverois@wanadoo.fr
FECHE-L'EGLISE - 90100,mairie.feche@wanadoo.fr
FELON - 90110,mairiefelon@orange.fr
FLORIMONT - 90100,mairie.de.florimont@wanadoo.fr
FONTAINE - 90150,fontaine.mairie@wanadoo.fr
FONTENELLE - 90340,mairie.fontenelle90@wanadoo.fr
FOUSSEMAGNE - 90150,secretariat@foussemagne.com
FRAIS - 90150,mairie.frais90@orange.fr
FROIDEFONTAINE - 90140,mairie.froidefontaine@wanadoo.fr
GIROMAGNY - 90200,mairie@giromagny.fr
GRANDVILLARS - 90600,mairie.grandvillars@wanadoo.fr
GROSMAGNY - 90200,mairie.grosmagny@wanadoo.fr
GROSNE - 90100,mairie.grosne@wanadoo.fr
JONCHEREY - 90100,mairie.joncherey@orange.fr
LACHAPELLE-SOUS-CHAUX - 90300,mairie.lsc@wanadoo.fr
LACHAPELLE-SOUS-ROUGEMONT - 90360,mairielachapelle-rougemont@wanadoo.fr
LACOLLONGE - 90150,mairie.lacollonge@wanadoo.fr
LAGRANGE - 90150,mairie.lagrange@wanadoo.fr
LAMADELEINE-VAL-DES-ANGES - 90170,lamadeleine-valdesanges@wanadoo.fr
LARIVIERE - 90150,mairie.lariviere@wanadoo.fr
LEBETAIN - 90100,lebetain.mairie@wanadoo.fr
LEPUIX-GY - 90200,mairielepuix-gy@wanadoo.fr
LEPUIX-NEUF - 90100,lepuixneuf.mairie@free.fr
LEVAL - 90110,mairie.de.leval@wanadoo.fr
MENONCOURT - 90150,mairie.menoncourt@wanadoo.fr
MEROUX - 90400,mairie.meroux@wanadoo.fr
MEZIRE - 90120,MAIRIE.MEZIRE@wanadoo.fr
MONTBOUTON - 90500,mairiemontbouton@wanadoo.fr
MONTREUX-CHATEAU - 90130,mairie-montreux-chateau@wanadoo.fr
MORVILLARS - 90120,communedemorvillars@orange.fr
MOVAL - 90400,mairie-moval@wanadoo.fr
NOVILLARD - 90340,mairie.novillard@wanadoo.fr
OFFEMONT - 90300,contact@mairie-offemont.fr
PEROUSE - 90160,mairie.perouse@wanadoo.fr
PETIT-CROIX - 90130,mairie.petit.croix@wanadoo.fr
PETITEFONTAINE - 90360,mairie.petitefontaine@orange.fr
PETITMAGNY - 90170,mairie.petitmagny@wanadoo.fr
PHAFFANS - 90150,mairie-phaffans@wanadoo.fr
RECHESY - 90370,mairie.rechesy@wanadoo.fr
RECOUVRANCE - 90140,recouvrance.mairie@wanadoo.fr
REPPE - 90150,commune.reppe@orange.fr
RIERVESCEMONT - 90200,mairie.riervescemont@wanadoo.fr
ROMAGNY-SOUS-ROUGEMONT - 90110,mairie-romagny-sous-rougemont@orange.fr
ROPPE - 90380,mairie.roppe@wanadoo.fr
ROUGEGOUTTE - 90200,mairie-rougegoutte@wanadoo.fr
ROUGEMONT-LE-CHATEAU - 90110,mairie.rougemont-le-chateau@wanadoo.fr
SAINT-DIZIER-L'EVEQUE - 90100,mairiestdizier90@wanadoo.fr
SAINT-GERMAIN-LE-CHATELET - 90110,mairiesaintgermain@wanadoo.fr
SERMAMAGNY - 90300,mairiedesermamagny@wanadoo.fr
SEVENANS - 90400,mairiesevenans@wanadoo.fr
SUARCE - 90100,mairie.suarce@gmail.com
THIANCOURT - 90100,mairie.thiancourt@wanadoo.fr
TREVENANS - 90400,mairie.trevenans@wanadoo.fr
URCEREY - 90800,mairie.urcerey@wanadoo.fr
VALDOIE - 90300,contact@mairievaldoie.com
VAUTHIERMONT - 90150,mairie.vauthiermont@laposte.net
VELLESCOT - 90100,mairie.vellescot@wanadoo.fr
VESCEMONT - 90200,commune.vescemont@wanadoo.fr
VETRIGNE - 90300,mairie.vetrigne@wanadoo.fr
VEZELOIS - 90400,mairie.vezelois@laposte.net
VILLARS-LE-SEC - 90100,mairie.villars90@gmail.com
